Movie Title	Rank	Studio	Total Gross	Total Theaters	Opening Gross	Opening Theaters	Open	Close	Reddit_id
Black Panther	1	BV	$700,059,566	4084	$202,003,951	4020	2/16	8/9	76qb1h
Avengers: Infinity War	2	BV	$678,815,482	4474	$257,698,183	4474	4/27	9/13	7gd8al
Incredibles 2	3	BV	$608,581,744	4410	$182,687,905	4410	6/15	12/13	8bylwy
Jurassic World: Fallen Kingdom	4	Uni.	$417,719,760	4485	$148,024,610	4475	6/22	10/4	7ibelg
Aquaman	5	WB	$335,061,807	4184	$67,873,522	4125	12/21	4/4	90rsv6
Deadpool 2	6	Fox	$318,491,426	4349	$125,507,153	4349	5/18	10/18	86bb0w
Dr. Seuss' The Grinch (2018)	7	Uni.	$270,620,950	4141	$67,572,855	4141	11/9	2/14	82yj9y
Mission: Impossible - Fallout	8	Par.	$220,159,104	4395	$61,236,534	4386	7/27	10/18	8jsxp1
Ant-Man and the Wasp	9	BV	$216,648,740	4206	$75,812,205	4206	7/6	11/1	8g8o30
Bohemian Rhapsody	10	Fox	$216,428,042	4000	$51,061,119	4000	11/2	4/25	8zkwzp
A Star is Born (2018)	11	WB	$215,288,866	3904	$42,908,051	3686	10/5	4/4	8p21q3
Solo: A Star Wars Story	12	BV	$213,767,512	4381	$84,420,489	4381	5/25	9/20	8aui2o
Venom (2018)	13	Sony	$213,515,506	4250	$80,255,756	4250	10/5	1/24	8ehk51
Ralph Breaks the Internet	14	BV	$201,091,711	4017	$56,237,634	4017	11/21	4/11	8oif19
Spider-Man: Into The Spider-Verse	15	Sony	$190,241,310	3813	$35,363,376	3813	12/14	4/4	8p0em0
A Quiet Place	16	Par.	$188,024,361	3808	$50,203,562	3508	4/6	8/2	7x3p7u
Crazy Rich Asians	17	WB	$174,532,921	3865	$26,510,140	3384	8/15	1/10	8eb9ff
Mary Poppins Returns	18	BV	$171,958,438	4090	$23,523,121	4090	12/19	4/11	9gk0zv
Hotel Transylvania 3: Summer Vacation	19	Sony	$167,510,016	4267	$44,076,225	4267	7/13	11/29	865ris
Fantastic Beasts: The Crimes of Grindelwald	20	WB	$159,555,901	4163	$62,163,104	4163	11/16	2/21	90r5id
Halloween (2018)	21	Uni.	$159,342,015	3990	$76,221,545	3928	10/19	1/3	8pk3hv
The Meg	22	WB	$145,443,742	4118	$45,402,195	4118	8/10	11/1	8b3npj
Ocean's 8	23	WB	$140,218,711	4145	$41,607,378	4145	6/8	9/20	7ksuaf
Ready Player One	24	WB	$137,690,172	4234	$41,764,050	4234	3/29	7/5	7ivfrz
Bumblebee	25	Par.	$127,195,589	3597	$21,654,047	3550	12/21	3/7	9iftik
Mamma Mia! Here We Go Again	26	Uni.	$120,634,935	3514	$34,952,180	3317	7/20	10/11	7l8783
The Nun	27	WB (NL)	$117,450,119	3876	$53,807,379	3876	9/7	11/22	8qrux2
Creed II	28	MGM	$115,715,889	3752	$35,574,710	3441	11/21	3/21	8si0dp
Peter Rabbit	29	Sony	$115,253,424	3725	$25,010,928	3725	2/9	6/14	71kje7
The Mule	30	WB	$103,804,407	3329	$17,509,431	2588	12/14	3/14	9ld8f4
The Equalizer 2	31	Sony	$102,084,362	3388	$36,011,640	3388	7/20	9/20	8degfy
Rampage (2018)	32	WB (NL)	$101,028,233	4115	$35,753,093	4101	4/13	7/26	7dflk3
A Wrinkle in Time	33	BV	$100,478,608	3980	$33,123,609	3980	3/9	7/5	7e56x0
Fifty Shades Freed	34	Uni.	$100,407,760	3768	$38,560,195	3768	2/9	4/5	7b668t
Disney's Christopher Robin	35	BV	$99,215,042	3602	$24,585,139	3602	8/3	11/29	82glqf
Green Book	36	Uni.	$85,080,171	2648	$320,429	25	11/16	5/2	978lq2
I Can Only Imagine	37	RAtt.	$83,482,352	2894	$17,108,914	1629	3/16	7/12	871775
Smallfoot	38	WB	$83,240,103	4131	$23,045,635	4131	9/28	1/17	8etmcp
Night School (2018)	39	Uni.	$77,339,130	3019	$27,257,615	3010	9/28	1/3	89mq6s
The First Purge	40	Uni.	$69,488,745	3038	$17,374,280	3031	7/4	9/6	8a9qa0
Game Night	41	WB (NL)	$69,179,066	3502	$17,005,332	3488	2/23	6/21	7c3t8b
Book Club	42	Par.	$68,566,296	3169	$13,582,231	2781	5/18	8/9	81cqlg
The House With A Clock In Its Walls	43	Uni.	$68,549,695	3592	$26,608,020	3592	9/21	1/3	87j3cw
Skyscraper	44	Uni.	$68,420,120	3822	$24,905,015	3782	7/13	9/27	7vcw79
Insidious: The Last Key	45	Uni.	$67,745,330	3150	$29,581,355	3116	1/5	3/29	6y7tgd
Instant Family	46	Par.	$67,363,237	3426	$14,504,315	3286	11/16	1/31	9d9q45
Blockers	47	Uni.	$60,311,495	3418	$20,556,350	3379	4/6	8/2	763qvx
Pacific Rim Uprising	48	Uni.	$59,874,525	3708	$28,116,535	3708	3/23	7/26	74osvh
Tomb Raider	49	WB	$58,250,803	3854	$23,633,317	3854	3/16	5/31	718uoj
Maze Runner: The Death Cure	50	Fox	$58,032,443	3793	$24,167,011	3787	1/26	5/3	7291fb
The Nutcracker and the Four Realms	51	BV	$54,858,851	3766	$20,352,491	3766	11/2	1/17	7kt6m6
Tag	52	WB (NL)	$54,730,625	3382	$14,947,396	3382	6/15	9/13	85sj4j
A Simple Favor	53	LGF	$53,548,586	3102	$16,011,689	3102	9/14	11/22	8yjos8
Life of the Party 	54	WB (NL)	$53,059,911	3656	$17,886,075	3656	5/11	8/2	7vjg1m
The Predator (2018)	55	Fox	$51,024,708	4070	$24,632,284	4037	9/14	11/29	8tztah
Overboard (2018)	56	PNT	$50,316,123	2006	$14,711,101	1623	5/4	7/5	7lefgy
Sicario: Day of the Soldado	57	Sony	$50,072,235	3055	$19,007,566	3055	6/29	9/20	8lt3bx
BlacKkKlansman	58	Focus	$49,275,340	1914	$10,845,330	1512	8/10	3/1	8jewga
I Feel Pretty	59	STX	$48,795,601	3440	$16,030,218	3440	4/20	6/21	7w5b38
Vice	60	Annapurna	$47,836,282	2534	$7,768,371	2442	12/25	4/11	9l0xo5
Red Sparrow	61	Fox	$46,874,505	3064	$16,853,422	3056	3/2	6/7	70228j
Breaking In (2018)	62	Uni.	$46,840,590	2537	$17,630,285	2537	5/11	8/2	7pt7mi
Goosebumps 2: Haunted Halloween	63	Sony	$46,700,633	3723	$15,802,225	3521	10/12	12/20	8xzd2p
12 Strong	64	WB	$45,819,713	3018	$15,815,025	3002	1/19	3/29	77f9xd
Den of Thieves	65	STX	$44,947,622	2432	$15,206,108	2432	1/19	3/22	78p8vi
First Man	66	Uni.	$44,936,545	3640	$16,006,065	3640	10/12	1/3	8pp1f6
Hereditary	67	A24	$44,069,456	2998	$13,575,172	2964	6/8	8/30	7u16js
Tyler Perry's Acrimony	68	LGF	$43,549,096	2006	$17,170,707	2006	3/30	6/7	77fcik
Sherlock Gnomes	69	Par.	$43,242,871	3662	$10,604,774	3662	3/23	6/14	7bdp73
Uncle Drew	70	LG/S	$42,469,946	2742	$15,242,781	2742	6/29	9/13	7xiguw
Widows	71	Fox	$42,402,632	2803	$12,361,307	2803	11/16	2/21	8oh2i6
Truth or Dare	72	Uni.	$41,411,015	3068	$18,667,855	3029	4/13	7/26	7nvk8p
Paddington 2	73	WB	$40,891,591	3702	$11,001,961	3702	1/12	3/15	6e5xq6
Love, Simon	74	Fox	$40,826,341	2434	$11,756,244	2402	3/16	6/14	7g7nll
Second Act	75	STX	$39,282,227	2607	$6,489,983	2607	12/21	2/21	907gsj
The Commuter	76	LGF	$36,343,858	2892	$13,701,452	2892	1/12	3/15	7e8ku9
The 15:17 to Paris	77	WB	$36,276,286	3042	$12,554,286	3042	2/9	4/12	7jj3w9
Mile 22	78	STX	$36,108,758	3520	$13,710,825	3520	8/17	10/4	8uo54p
Alpha	79	Studio 8	$35,857,181	2881	$10,352,512	2719	8/17	11/22	7duvbu
Peppermint	80	STX	$35,418,723	2980	$13,423,255	2980	9/7	11/1	8nk3xh
The Favourite	81	FoxS	$34,366,783	1554	$422,410	4	11/23	4/11	9cvev9
Death Wish (2018)	82	MGM	$34,017,028	2882	$13,010,267	2847	3/2	5/31	6rc69l
The Spy Who Dumped Me	83	LGF	$33,562,069	3111	$12,103,043	3111	8/3	9/27	864pg2
Annihilation	84	Par.	$32,732,301	2112	$11,071,584	2012	2/23	4/19	7jjf3r
Isle Of Dogs	85	FoxS	$32,015,231	1947	$1,620,294	27	3/23	8/30	71joem
Nobody's Fool	86	Par.	$31,713,110	2468	$13,743,111	2468	11/2	12/20	9qoqsi
Adrift	87	STX	$31,445,012	3015	$11,603,039	3015	6/1	8/2	84eior
Robin Hood (2018)	88	LG/S	$30,824,628	2827	$9,195,670	2827	11/21	1/10	8gq9us
Super Troopers 2	89	Fox	$30,617,396	2125	$15,181,624	2038	4/20	7/12	7rdekt
Holmes and Watson	90	Sony	$30,573,626	2780	$7,411,522	2776	12/25	2/21	9jrbp1
Slender Man	91	SGem	$30,569,484	2358	$11,371,866	2358	8/10	11/1	7nutsd
Teen Titans Go! To The Movies	92	WB	$29,790,236	3188	$10,411,189	3188	7/27	10/11	8g9jq3
The Hate U Give	93	Fox	$29,719,483	2375	$512,035	36	10/5	1/17	8tm79v
Searching	94	SGem	$26,020,957	2009	$388,769	9	8/24	11/15	8igkuf
Winchester	95	LGF	$25,091,816	2480	$9,307,626	2480	2/2	3/29	78h8yk
On the Basis of Sex	96	Focus	$24,622,687	1957	$686,355	33	12/25	3/7	8zbq5r
Strangers: Prey at Night	97	Aviron	$24,586,708	2464	$10,402,271	2464	3/9	5/31	7p6hcb
White Boy Rick	98	Studio 8	$24,011,188	2504	$8,860,431	2504	9/14	11/8	8om3e6
Won't You Be My Neighbor?	99	Focus	$22,835,787	893	$475,419	29	6/8	9/13	85sb8h
Overlord	100	Par.	$21,704,844	2859	$10,202,108	2859	11/9	12/20	8zva4l
